{"train_loss": [1.3262850391465677, 1.2733109674078928, 1.2302941599267019, 1.1906427839090383, 1.1522342974789104, 1.1109762370499634, 1.069986943421232, 1.0278228738248956, 0.9859897804052028, 0.9450805975880685, 0.9076555697504957, 0.8718373097013005, 0.8397728982971224, 0.8110692120188362, 0.785920475421167, 0.7650677404722966, 0.7458588325647635, 0.7304280415025514, 0.7159606165413946, 0.7037746660747556, 0.6937055894901659, 0.6847376614331852, 0.6769658026910418, 0.6699691563193975], "train_acc": [0.2066957787481805, 0.2066957787481805, 0.2066957787481805, 0.2066957787481805, 0.4192139737991266, 0.6317321688500728, 0.6870451237263464, 0.6841339155749636, 0.7045123726346434, 0.7132459970887919, 0.7117903930131004, 0.7132459970887919, 0.710334788937409, 0.7132459970887919, 0.710334788937409, 0.710334788937409, 0.710334788937409, 0.710334788937409, 0.7147016011644832, 0.7132459970887919, 0.7059679767103348, 0.7059679767103348, 0.710334788937409, 0.7088791848617176], "val_loss": [1.3944722414016724, 1.3431469202041626, 1.2931404113769531, 1.2421090602874756, 1.1884863376617432, 1.131273865699768, 1.0721639394760132, 1.0158884525299072, 0.9583383202552795, 0.9048105478286743, 0.8527644276618958, 0.8069041967391968, 0.7640719413757324, 0.7269032597541809, 0.6955341100692749, 0.6679539084434509, 0.6452144384384155, 0.62518709897995, 0.608133852481842, 0.5942400097846985, 0.5820798873901367, 0.5717434883117676, 0.5622844696044922, 0.5544344186782837], "val_acc": [0.14814814925193787, 0.14814814925193787, 0.14814814925193787, 0.2074074000120163, 0.6370370388031006, 0.7407407164573669, 0.7777777910232544, 0.770370364189148, 0.800000011920929, 0.7925925850868225, 0.7851851582527161, 0.800000011920929, 0.7851851582527161, 0.800000011920929, 0.800000011920929, 0.7851851582527161, 0.800000011920929, 0.7925925850868225, 0.7925925850868225, 0.800000011920929, 0.800000011920929, 0.800000011920929, 0.800000011920929, 0.800000011920929]}