{"train_loss": [0.09873979794220922, 0.007222743994094646, 0.0005082604754151662, 0.002142284390772996, 0.0005073716419653347, 0.0001375141467270111, 0.00012958592962003564, 0.00010751806645849078, 0.00010561161664109856, 5.400384843249532e-05, 9.720193261001988e-05, 4.549066745361409e-05, 6.791860547836524e-05, 9.229778909797543e-05, 7.720558011900682e-05, 8.954215183919845e-05, 5.759600832548866e-05, 8.091510085151485e-05, 7.027750932894514e-05, 2.511997957351734e-05, 2.6519316147618634e-05, 7.161840207421902e-05], "train_acc": [0.9548762736535662, 0.9956331877729258, 1.0, 0.9985443959243085, 1.0, 1.0, 1.0, 1.0, 1.0, 1.0, 1.0, 1.0, 1.0, 1.0, 1.0, 1.0, 1.0, 1.0, 1.0, 1.0, 1.0, 1.0], "val_loss": [0.29176074266433716, 0.31314072012901306, 0.33821508288383484, 0.34631168842315674, 0.3431278467178345, 0.3398411273956299, 0.3401593565940857, 0.3420139253139496, 0.3438152074813843, 0.3459377586841583, 0.3477547764778137, 0.3501509428024292, 0.34907251596450806, 0.35192054510116577, 0.3530178964138031, 0.356496125459671, 0.3614877164363861, 0.3651493489742279, 0.3694259524345398, 0.3696495294570923, 0.3698297441005707, 0.37136444449424744], "val_acc": [0.9481481313705444, 0.9481481313705444, 0.9481481313705444, 0.9481481313705444, 0.9481481313705444, 0.9481481313705444, 0.9555555582046509, 0.9555555582046509, 0.9555555582046509, 0.9555555582046509, 0.9555555582046509, 0.9555555582046509, 0.9555555582046509, 0.9555555582046509, 0.9555555582046509, 0.9555555582046509, 0.9555555582046509, 0.9481481313705444, 0.9481481313705444, 0.9481481313705444, 0.9481481313705444, 0.9555555582046509]}