{"train_loss": [0.09435103441544691, 0.0033087591014572017, 0.00262896259823223, 0.00016091173834294003, 0.0006212667671343045, 0.00016257817644802327, 0.000142802621980309, 0.0004946381340958428, 0.0003183776993145716, 9.331127159417543e-05, 5.781836979308887e-05, 0.00011255167796672065, 0.00011399395062882668, 6.831719068413378e-05, 6.1000556114094e-05, 3.352801562704086e-05, 6.0710672344147574e-05, 1.7937917947786896e-05, 1.679946861355252e-05, 2.519956836107324e-05, 0.00015688820003292893], "train_acc": [0.9577874818049491, 0.9985443959243085, 0.9985443959243085, 1.0, 1.0, 1.0, 1.0, 1.0, 1.0, 1.0, 1.0, 1.0, 1.0, 1.0, 1.0, 1.0, 1.0, 1.0, 1.0, 1.0, 1.0], "val_loss": [0.30431804060935974, 0.31698155403137207, 0.33359646797180176, 0.33471372723579407, 0.3376401364803314, 0.3385467231273651, 0.3405372202396393, 0.3851087987422943, 0.3788253962993622, 0.37468576431274414, 0.37312039732933044, 0.38332799077033997, 0.3871828019618988, 0.38312140107154846, 0.380451500415802, 0.37835079431533813, 0.3800024688243866, 0.3794114887714386, 0.381586492061615, 0.38290953636169434, 0.3946809470653534], "val_acc": [0.9481481313705444, 0.9481481313705444, 0.9555555582046509, 0.9555555582046509, 0.9555555582046509, 0.9629629254341125, 0.9629629254341125, 0.9481481313705444, 0.9481481313705444, 0.9481481313705444, 0.9481481313705444, 0.9481481313705444, 0.9481481313705444, 0.9481481313705444, 0.9481481313705444, 0.9555555582046509, 0.9555555582046509, 0.9555555582046509, 0.9555555582046509, 0.9555555582046509, 0.9481481313705444]}